Entry	Reviewed	Entry Name	Protein names	Gene Names	Organism	Length	Taxonomic lineage	Sequence
A0A822IVF6	unreviewed	A0A822IVF6_9EURY	Putative adenylate kinase (AK) (EC 2.7.4.3) (ATP-AMP transphosphorylase)	AK6/FAP7 METP1_01897	Methanosarcinales archaeon	189	unclassified Methanosarcinales (no rank), Methanosarcinales (order), Methanomicrobia (class), Stenosarchaea group (no rank), Euryarchaeota (phylum), Archaea (superkingdom), cellular organisms (no rank)	MIIALTGTPGTGKTTVCEIIKEHSQYRKKFSIIDVNRLVLGEKLYTGKDEARDTYEADMDKLEERVKQEIGKKNPGVDVILEGHLSHLLPADAVIVLRAHPVALRKRLGKRKKYSFKKVKENANAEALDVILVESTQRNKNVFEINTTNMNLLAVVKSVISIIEALKQGKTPEEFRPGKINWIEYVEID
A0A822J6P6	unreviewed	A0A822J6P6_9EURY	Putative adenylate kinase (AK) (EC 2.7.4.3) (ATP-AMP transphosphorylase)	AK6/FAP7 METP3_03434	Methanosarcinales archaeon	197	unclassified Methanosarcinales (no rank), Methanosarcinales (order), Methanomicrobia (class), Stenosarchaea group (no rank), Euryarchaeota (phylum), Archaea (superkingdom), cellular organisms (no rank)	MIIALTGTPGTGKTTVCEVIKEHSQYRNQYSIIDVNKIVLDEKLYTGKDEARDTYEADMDKLEERVKQKIENICNGLDVDVIMEGHLSHHLPADAVIVLRAHPVALRKRLEKRKNYSFQKVKENADAEALDVILVEATQRNKNVFEIDTTNMNLLAVVKSVISIIEALKQGKTPVEFSPGKINWIEQVEMDQSQALS
A0A075GEM7	unreviewed	A0A075GEM7_9ARCH	Putative adenylate kinase (AK) (EC 2.7.4.3) (ATP-AMP transphosphorylase)	FAP7 TAF9	uncultured marine thaumarchaeote KM3_12_C10	202	environmental samples (no rank), Thaumarchaeota (phylum), TACK group (no rank), Archaea (superkingdom), cellular organisms (no rank)	MIILVLQKLLITDRDCKCMNLIITGNPGVGKHTTANLLKKQIVSYQILDISEFAIERNMGEKVENGIEIDTIKLKDEIQKMITDNSLIVGHLAPYVFEESKIDLVIVLRKNPYDLLEIYKQREYQDSKIKENAGSEVLGIIANDSIKSFGKEKTFEIDATGKMPEKIVEEITQIIKNKKGKSAVDWLTLVEEKNDMSRFFDY
A0A343TGD5	unreviewed	A0A343TGD5_9EURY	Putative adenylate kinase (AK) (EC 2.7.4.3) (ATP-AMP transphosphorylase)	fap7 AArcSl_0506	Halalkaliarchaeum desulfuricum	195	Halalkaliarchaeum (genus), Halorubraceae (family), Haloferacales (order), Halobacteria (class), Stenosarchaea group (no rank), Euryarchaeota (phylum), Archaea (superkingdom), cellular organisms (no rank)	MADRTDGGDELSPPGTRARRIVVTGTPGTGKTSATEQVAEVGDLDIDVVHLNDLVKAEGLWTDRDEERDTLVVDLGAVRDRLGDWDGIVESHVAHHLEADRVVVLRCRPDVLEERLLNRGESPGKARENRESEALDVILSEAVERHGRASVYEIDTTDRSSSAVAEEIVAVVLGKRAPGAGEVDYLEYLPGGIDG
A0A5Q0UM91	unreviewed	A0A5Q0UM91_9EURY	Putative adenylate kinase (AK) (EC 2.7.4.3) (ATP-AMP transphosphorylase)	fap7 LC1Hm_1734	Halomicrobium sp. LC1Hm	168	unclassified Halomicrobium (no rank), Halomicrobium (genus), Haloarculaceae (family), Halobacteriales (order), Halobacteria (class), Stenosarchaea group (no rank), Euryarchaeota (phylum), Archaea (superkingdom), cellular organisms (no rank)	MRVAVTGTPGTGKTTATERLATDLDVIHLNDAIKREGLADGVDEDRDSVVADFEAIESWLDGRDDVLVESHLAHHFDADRVIVLRAHPATIEERLADRDESDASIAENAESEALDVILTEAVEAHGTDSVYEIDTTDRSRAAVAEAIEAVVAGEREPSAGTVSFVEWL
A0A822J4M4	unreviewed	A0A822J4M4_9EURY	Putative adenylate kinase (AK) (EC 2.7.4.3) (ATP-AMP transphosphorylase)	AK6/FAP7 METP2_03454	Methanosarcinales archaeon	189	unclassified Methanosarcinales (no rank), Methanosarcinales (order), Methanomicrobia (class), Stenosarchaea group (no rank), Euryarchaeota (phylum), Archaea (superkingdom), cellular organisms (no rank)	MIIALTGTPGTGKTAVCEVIKEHSQYKKQYSIIDVNKIVLDEKLYTGKDEVRDTYEADMDKLQVRVKQEIENICNGVDIIMEGHLSHHLPADAVIVLRAHPVALRKRLGKRKNYSFQKVKENADAEALDVILVEATQGNKNVFEIDTTNMNLLAVVKSVISIIEALRQGKTPVEFMPGKINWIEQVEMD
A0A897N6X0	unreviewed	A0A897N6X0_9EURY	Putative adenylate kinase (AK) (EC 2.7.4.3) (ATP-AMP transphosphorylase)	fap7 HSR121_2623	Halapricum desulfuricans	169	Halapricum (genus), Haloarculaceae (family), Halobacteriales (order), Halobacteria (class), Stenosarchaea group (no rank), Euryarchaeota (phylum), Archaea (superkingdom), cellular organisms (no rank)	MRVAVTGTPGTGKTTATDLLASDFEVIHLNEVIRERELTTGRDDERDTLITDLDAVASWLDDREDVVVESHLAHEFDADRVIVLRCAPEVIERRLRERGESAESARENAESEALDVILGHAVQNHGEDAVYEIDTTDRTPEAVAAEIDAVIAGEREPSAGTVDYTDYLR
A0A897N7H4	unreviewed	A0A897N7H4_9EURY	Putative adenylate kinase (AK) (EC 2.7.4.3) (ATP-AMP transphosphorylase)	fap7 HSR122_0814	Halapricum desulfuricans	169	Halapricum (genus), Haloarculaceae (family), Halobacteriales (order), Halobacteria (class), Stenosarchaea group (no rank), Euryarchaeota (phylum), Archaea (superkingdom), cellular organisms (no rank)	MRVAVTGTPGTGKTTATDLLASDFEVIHLNEVIRERELTTGRDDERDTLITDLDAVASWLDDREDVVVESHLAHEFDADGVIVLRCAPEVIERRLHERGESAESARENAESEALDVILGHAVQNHGEDAVYEIDTTDRTPEAVAAEIDAVIAGEREPSAGTVDYTDYLR
A0A897NJP0	unreviewed	A0A897NJP0_9EURY	Putative adenylate kinase (AK) (EC 2.7.4.3) (ATP-AMP transphosphorylase)	fap7 HSBGL_2247	Halapricum desulfuricans	169	Halapricum (genus), Haloarculaceae (family), Halobacteriales (order), Halobacteria (class), Stenosarchaea group (no rank), Euryarchaeota (phylum), Archaea (superkingdom), cellular organisms (no rank)	MRVAVTGTPGTGKTTATDLLVSDFEVIHLNEVIRERDLTTGRDDERDTLITDLDAVASWLDDREDVVVESHLAHEFDADRVIVLRCAPEVIERRLRERGESAESARENAESEALDVILGHAVQNHGEDSVYEIDTTDRTPESVAAEIDAVIAGEREPSAGTVDYTDYLR
A0A897NNX4	unreviewed	A0A897NNX4_9EURY	Putative adenylate kinase (AK) (EC 2.7.4.3) (ATP-AMP transphosphorylase)	fap7 HSEST_0927	Halapricum desulfuricans	168	Halapricum (genus), Haloarculaceae (family), Halobacteriales (order), Halobacteria (class), Stenosarchaea group (no rank), Euryarchaeota (phylum), Archaea (superkingdom), cellular organisms (no rank)	MRVAVTGTPGTGKTTATELLASDFEVVHLNEVIREQELTTGHDDERDTLVADLDAVESWLGDREDVVVESHLAHEFDADRVVVLRCAPDVIERRLRERGESAESARENAESEALDVILGHAVQNHGEDSVYEIETTDRSPESVAAAIEAVIAGEREPSAGTVDYTDYL
A0A897MPU0	unreviewed	A0A897MPU0_9EURY	Broad-specificity NMP kinase	fap7 AArcS_1389	Natranaeroarchaeum sulfidigenum	143	Natranaeroarchaeum (genus), Halobacteriaceae (family), Halobacteriales (order), Halobacteria (class), Stenosarchaea group (no rank), Euryarchaeota (phylum), Archaea (superkingdom), cellular organisms (no rank)	MVHLNEAIREEDLYERVDEDRDSVVADLDAVTEWLGDRDDIVIDSHLAHHLDADRVVVLRCRPDVLEGRLIERGEGEASAAENAESEALDVILSEAVDAHGVESVYEIEATERTPEDVVLEIQAVVNGEREPSAGEVSYIDYL
